{
  "skaga": {
    "sounds": [
      "music/skaga"
    ]
  },
  "interstellar": {
    "sounds": [
      "music/interstellar"
    ]
  },
  "imstillstanding": {
    "sounds": [
      "music/imstillstanding"
    ]
  },
  "thisishowitfeels": {
    "sounds": [
      "music/thisishowitfeels"
    ]
  },
  "staywithme": {
    "sounds": [
      "music/staywithme"
    ]
  },
  "dejavu": {
    "sounds": [
      "music/dejavu"
    ]
  },
  "boysinthehood": {
    "sounds": [
      "music/boysinthehood"
    ]
  },
  "bandit": {
    "sounds": [
      "music/bandit"
    ]
  },
  "lucidreams": {
    "sounds": [
      "music/lucidreams"
    ]
  },
  "thescientist": {
    "sounds": [
      "music/thescientist"
    ]
  },
  "vivalavida": {
    "sounds": [
      "music/vivalavida"
    ]
  },
  "mrsjackson": {
    "sounds": [
      "music/mrsjackson"
    ]
  },
  "heyya": {
    "sounds": [
      "music/heyya"
    ]
  },
  "livinonaprayer": {
    "sounds": [
      "music/livinonaprayer"
    ]
  },
  "takeonme": {
    "sounds": [
      "music/takeonme"
    ]
  }
}